{
  "Parameters": {
    // Parameters are values that may be passed when Install-SitecoreConfiguration is called.
    // Parameters must declare a Type and may declare a DefaultValue and Description.
    // Parameters with no DefaultValue are required when Install-SitecoreConfiguration is called.
    "SiteName": {
      "Type": "string",
      "Description": "The name of the site to be deployed."
    },
    "SiteHostHeaderName": {
      "Type": "string",
      "Description": "The host header name of the site to be deployed."
    },
    "InstallDir": {
      "Type": "string",
      "Description": "The sitecore site content path."
    },
    "XConnectInstallDir": {
      "Type": "string",
      "Description": "The sitecore xConnect site content path."
    },
    "CertificateName": {
      "Type": "string",
      "Description": "The name of the certificate to be created."
    },
    "CommerceServicesDbServer": {
      "Type": "string",
      "DefaultValue": ".\\SQLSERVER",
      "Description": "The Commerce Engine database server name."
    },
    "CommerceServicesDbName": {
      "Type": "string",
      "DefaultValue": "SitecoreCommerce9_SharedEnvironments",
      "Description": "The Commerce Engine database name."
    },
    "CommerceServicesGlobalDbName": {
      "Type": "string",
      "DefaultValue": "SitecoreCommerce9_Global",
      "Description": "The Commerce Engine global database name"
    },
    "CommerceServicesPostfix": {
      "Type": "string",
      "DefaultValue": "Sc9",
      "Description": "The Commerce Engine postfix for services names"
    },
    "SitecoreDbServer": {
      "Type": "string",
      "DefaultValue": ".\\SQLSERVER",
      "Description": "The Sitecore database server name."
    },
    "SitecoreCoreDbName": {
      "Type": "string",
      "Description": "The Sitecore Core database name."
    },
    "CommerceSearchProvider": {
      "Type": "string",
      "DefaultValue": "SOLR",
      "Description": "The search provider used for the Commerce Engine - Accepted values are 'SOLR' and 'AZURE'"
    },
    "SolrUrl": {
      "Type": "string",
      "DefaultValue": "https://localhost:8983/solr",
      "Description": "The Solr instance url."
    },
    "SolrRoot": {
      "Type": "string",
      "DefaultValue": "c:\\solr-6.6.2",
      "Description": "The file path to the Solr instance."
    },
    "SolrService": {
      "Type": "string",
      "DefaultValue": "Solr-6.6.2",
      "Description": "The name of the Solr service."
    },
    "SolrSchemas": {
      "Type": "string",
      "DefaultValue": "",
      "Description": "The path to Solr schemas."
    },
    "SearchIndexPrefix": {
      "Type": "string",
      "DefaultValue": "",
      "Description": "The prefix for indexes or cores."
    },
    "AzureSearchServiceName": {
      "Type": "string",
      "DefaultValue": "",
      "Description": "The Azure search service name. Requires param CommerceSearchProvider to be set to 'AZURE'"
    },
    "AzureSearchAdminKey": {
      "Type": "string",
      "DefaultValue": "",
      "Description": "The Azure search service admin key. Requires param CommerceSearchProvider to be set to 'AZURE'"
    },
    "AzureSearchQueryKey": {
      "Type": "string",
      "DefaultValue": "",
      "Description": "The Azure search service query key. Requires param CommerceSearchProvider to be set to 'AZURE'"
    },
    "CommerceEngineDacPac": {
      "Type": "string",
      "Description": "Commerce Engine DacPac"
    },
    "CommerceOpsServicesPort": {
      "Type": "string",
      "Description": "Commerce Ops Services port"
    },
    "CommerceShopsServicesPort": {
      "Type": "string",
      "Description": "Commerce Shops Services port"
    },
    "CommerceAuthoringServicesPort": {
      "Type": "string",
      "Description": "Commerce Authoring Services port"
    },
    "CommerceMinionsServicesPort": {
      "Type": "string",
      "Description": "Commerce Minions Services port"
    },	
	"CommerceOpsHostEntry": {
      "Type": "string",
      "Description": "Commerce Ops Host Entry"
    },
    "CommerceShopsHostEntry": {
      "Type": "string",
      "Description": "Commerce Shops Host Entry"
    },
    "CommerceAuthoringHostEntry": {
      "Type": "string",
      "Description": "Commerce Authoring Host Entry"
    },
    "CommerceMinionsHostEntry": {
      "Type": "string",
      "Description": "Commerce Minions Host Entry"
    },
	
    "SitecoreCommerceEngineZipPath": {
      "Type": "string",
      "Description": "Sitecore Commerce Engine Zip Path"
    },
    "SitecoreBizFxServicesContentPath": {
      "Type": "string",
      "Description": "SitecoreBizFx Services Content Path"
    },
    "SitecoreIdentityServerZipPath": {
      "Type": "string",
      "Description": "SitecoreIdentityServer Zip Path"
    },
	"LocalUserAccount": {
      "Type": "psobject",
      "Description": "UserAccount for Commerce Services App Pool"
    },
    "UserAccount": {
      "Type": "psobject",
      "Description": "UserAccount for Commerce Services App Pool"
    },
	  "BraintreeAccount": {
      "Type": "psobject",
      "Description": "Braintree sandbox account for Payment plugin"
    },
    "CommerceEngineCertificatePath": {
      "Type": "string",
      "Description": "Commerce Engile certificate full path"
    },
    "SiteUtilitiesSrc": {
      "Type": "string",
      "Description": "Site Utilities source path"
    },
    "HabitatImagesModuleFullPath": {
      "Type": "string",
      "Description": "Habitat Images module full path"
    },
    "AdvImagesModuleFullPath": {
      "Type": "string",
      "Description": "Adventure Works Images module full path"
    },
    "CommerceConnectModuleFullPath": {
      "Type": "string",
      "Description": "Commerce Connect module full path"
    },
    "CommercexProfilesModuleFullPath": {
      "Type": "string",
      "Description": "Commerce xProfiles module full path"
    },
    "CommercexAnalyticsModuleFullPath": {
      "Type": "string",
      "Description": "Commerce xAnalytics module full path"
    },
    "CommerceMAModuleFullPath": {
      "Type": "string",
      "Description": "Commerce Marketing Automation module full path"
    },
    "CommerceMAForAutomationEngineModuleFullPath": {
      "Type": "string",
      "Description": "Commerce Marketing Automation for AutomationEngine module full path"
    },
    "CEConnectPackageFullPath": {
      "Type": "string",
      "Description": "Commerce Engine Connect module full path"
    },
    "PowerShellExtensionsModuleFullPath": {
      "Type": "string",
      "Description": "PowerShell Extensions module full path"
    },
    "SXAModuleFullPath": {
      "Type": "string",
      "Description": "Sitecore Experience Accelerator module full path"
    },
    "SXACommerceModuleFullPath": {
      "Type": "string",
      "Description": "SXA Commerce module full path"
    },
    "SXAStorefrontModuleFullPath": {
      "Type": "string",
      "Description": "SXA Storefront module full path"
    },
    "SXAStorefrontThemeModuleFullPath": {
      "Type": "string",
      "Description": "SXA Storefront Themes module full path"
    },
    "SXAStorefrontCatalogModuleFullPath": {
      "Type": "string",
      "Description": "SXA Storefront Catalog module full path"
    },
    "MergeToolFullPath": {
      "Type": "string",
      "Description": "The Merge Tool full path"
    },
    "SitecoreIdentityServerName": {
      "Type": "string",
      "Description": "Sitecore Identity Server name",
      "DefaultValue": "SitecoreIdentityServer"
    },
    "SitecoreUsername": {
      "Type": "string",
      "Description": "Sitecore Admin Username"
    },
    "SitecoreUserPassword": {
      "Type": "string",
      "Description": "Sitecore Admin Password"
    },
	"BizFxSiteName": {
      "Type": "string",
      "Description": "BizFx IIS Site Name"
    },
	"BizFxHostName": {
      "Type": "string",
      "Description": "BizFx Host Header Name in Drivers"
    },
	"BizFxPortId": {
      "Type": "string",
      "Description": "BizFx Port in IIS"
    },	
	"IdentitySiteName": {
      "Type": "string",
      "Description": "Identity IIS Site Name"
    },
	"IdentityHostName": {
      "Type": "string",
      "Description": "Identity Host Header Name in Drivers"
    },
	"CommerceMinionsSiteName": {
      "Type": "string",
      "Description": "Identity IIS Site Name"
    },
	"CommerceMinionsHostEntry": {
      "Type": "string",
      "Description": "Identity Host Header Name in Drivers"
    },
	"CommerceMinionsServicesPort": {
      "Type": "string",
      "Description": "Identity Port in IIS"
    },
	"CommerceAuthoringSiteName": {
      "Type": "string",
      "Description": "Identity IIS Site Name"
    },
	"CommerceAuthoringHostEntry": {
      "Type": "string",
      "Description": "Identity Host Header Name in Drivers"
    },
	"CommerceAuthoringServicesPort": {
      "Type": "string",
      "Description": "Identity Port in IIS"
    },
	"CommerceOpsSiteName": {
      "Type": "string",
      "Description": "Identity IIS Site Name"
    },
	"CommerceOpsHostEntry": {
      "Type": "string",
      "Description": "Identity Host Header Name in Drivers"
    },
	"CommerceOpsServicesPort": {
      "Type": "string",
      "Description": "Identity Port in IIS"
    },
	"CommerceShopsSiteName": {
      "Type": "string",
      "Description": "Identity IIS Site Name"
    },
	"CommerceShopsHostEntry": {
      "Type": "string",
      "Description": "Identity Host Header Name in Drivers"
    },
	"CommerceShopsServicesPort": {
      "Type": "string",
      "Description": "Identity Port in IIS"
    },
	"IdentityPortId": {
      "Type": "string",
      "Description": "Identity Port in IIS"
    },
	"BizFXInstallDir":{
		"Type": "string",
		"Description": "BizFx Port in IIS"
    },
	"IdentityInstallDir":{
		"Type": "string",
		"Description": "Identity Port in IIS"
    },
	"SQLServerUserName":{
		"Type": "string",
		"Description": "SQL Server USerName"
    },
	"SQLServerPassword":{
		"Type": "string",
		"Description": "SQL Server Password"
    },
	"DomainCertificateName":{
		"Type": "string",
		"Description": "Identity Port in IIS"
    }	
  },
  "Variables": {
    // Variables are values calculated in a configuration.
    // They can reference Parameters, other Variables, and config functions.
    "SiteUtilitiesDir": "[concat(parameter('InstallDir'), '\\SiteUtilityPages')]",
    "ModulesDirDst": "[concat(parameter('InstallDir'), '\\App_Data\\packages')]",
    "UtilitiesBaseUrl": "[concat('http://', concat(parameter('SiteHostHeaderName'), '/SiteUtilityPages'))]",
    "PackagesDirDst": "[concat(parameter('InstallDir'), '\\sitecore\\admin\\Packages')]",
    "CEMergeInputFile": "[concat(parameter('InstallDir'), '\\MergeFiles\\Sitecore.Commerce.Engine.Connectors.Merge.Config')]",
    "SXAMergeInputFile": "[concat(parameter('InstallDir'), '\\MergeFiles\\Merge.SXA.Storefront.config')]",
    "WebConfig": "[concat(parameter('InstallDir'), '\\Web.Config')]",
    "EngineConnectIncludeDir": "[concat(parameter('InstallDir'), '\\App_Config\\Include\\Y.Commerce.Engine')]",
    "MarketingConfigDir": "[concat(parameter('InstallDir'), '\\App_Config\\Sitecore\\Marketing.Operations.xMgmt')]",
    "ContentSearchConfig": "[concat(parameter('InstallDir'), '\\App_Config\\Sitecore\\ContentSearch\\Sitecore.ContentSearch.config')]",
    "ContentSearchEnabledXpath": "//configuration/sitecore/settings/setting[@name='ContentSearch.Enabled']",
    "ConnectionString": "[concat('Data Source=.;Initial Catalog=', concat(parameter('SitecoreCoreDbName'), ';Integrated Security=True'))]",
    "ProjectConfigIncludeDir": "[concat(parameter('InstallDir'), '\\App_Config\\Include\\Project\\Commerce')]",
    "SiteRootUrl": "[concat('http://', concat(parameter('SiteHostHeaderName')))]",
	"Client.Cert.Store": "cert:\\LocalMachine\\My",
    "DomainCertificateName.CertificateThumbprint": "[GetCertificateThumbprint(parameter('DomainCertificateName'), variable('Client.Cert.Store'))]"
  },
  "Modules": [ "InstallSitecoreConfiguration", "ManageCommerceService", "SitecoreUtilityTasks","CustomUpdateConfigEntries","SitecoreCustomUtilityTasks" ],
  "Tasks": {
    // Tasks are separate units of work in a configuration.
    // Each task is an action that will be completed when Install-SitecoreConfiguration is called.
    // By default, tasks are applied in the order they are declared.
    // Tasks may reference Parameters, Variables, and config functions.
    "CreateBinding": {
      "Type": "InstallSitecoreConfiguration",
      "Params": {
        "Path": ".\\Configuration\\Commerce\\SXAStorefront\\SXAStorefront.CreateBinding.json",
        "SiteName": "[parameter('SiteName')]",
        "CertificateName": "[parameter('CertificateName')]",
        "StorefrontHostName": "[parameter('SiteHostHeaderName')]"
      }
    },
    "InstallSolrCores": {
      "Type": "InstallSitecoreConfiguration",
      "Params": {
        "Path": ".\\Configuration\\Commerce\\Solr\\sitecore-commerce-solr.json",
        "SolrUrl": "[parameter('SolrUrl')]",
        "SolrRoot": "[parameter('SolrRoot')]",
        "SolrService": "[parameter('SolrService')]",
        "SolrSchemas": "[parameter('SolrSchemas')]",
        "CorePrefix": "[parameter('SearchIndexPrefix')]"
      }
    },	
	"DeployCommerceEngineOps": {
      "Type": "InstallSitecoreConfiguration",
      "Params": {
        "Path": ".\\Configuration\\Commerce\\CommerceEngine\\CommerceEngine.Ops.Deploy.json",
        "CertificateName": "[parameter('CertificateName')]",
        "CommerceServicesDbServer": "[parameter('CommerceServicesDbServer')]",
        "CommerceServicesDbName": "[parameter('CommerceServicesDbName')]",
        "CommerceServicesGlobalDbName": "[parameter('CommerceServicesGlobalDbName')]",
        "CommerceServicesPostfix": "[parameter('CommerceServicesPostfix')]",
        "SitecoreDbServer": "[parameter('SitecoreDbServer')]",
        "SitecoreCoreDbName": "[parameter('SitecoreCoreDbName')]",
        "CommerceSearchProvider": "[parameter('CommerceSearchProvider')]",
        "SolrUrl": "[parameter('SolrUrl')]",
        "SearchIndexPrefix": "[parameter('SearchIndexPrefix')]",
        "AzureSearchServiceName": "[parameter('AzureSearchServiceName')]",
        "AzureSearchAdminKey": "[parameter('AzureSearchAdminKey')]",
        "AzureSearchQueryKey": "[parameter('AzureSearchQueryKey')]",
        "CommerceEngineDacPac": "[parameter('CommerceEngineDacPac')]",
        "SiteHostHeaderName": "[parameter('SiteHostHeaderName')]",
        "CommerceOpsServicesPort": "[parameter('CommerceOpsServicesPort')]",
        "CommerceShopsServicesPort": "[parameter('CommerceShopsServicesPort')]",
        "CommerceAuthoringServicesPort": "[parameter('CommerceAuthoringServicesPort')]",
        "CommerceMinionsServicesPort": "[parameter('CommerceMinionsServicesPort')]",
        "SitecoreCommerceEngineZipPath": "[parameter('SitecoreCommerceEngineZipPath')]",
        "UserAccount": "[parameter('UserAccount')]",
		    "BraintreeAccount": "[parameter('BraintreeAccount')]",
			"IdentityServerURI":  "[concat('https://', concat(parameter('IdentityHostName'),concat(':', concat(parameter('IdentityPortId')))))]",
        "BizFXURI": "[concat('https://', concat(parameter('BizFxHostName'),concat(':', concat(parameter('BizFxPortId')))))]",
        "AuthoringURI": "[concat('https://', concat(parameter('CommerceAuthoringHostEntry'),concat(':', concat(parameter('CommerceAuthoringServicesPort')))))]",
		 "SQLServerUserName": "[parameter('SQLServerUserName')]",
        "SQLServerPassword": "[parameter('SQLServerPassword')]",
		"Thumbprint": "[variable('DomainCertificateName.CertificateThumbprint')]"
      }
    },
	"DeployCommerceEngineShops": {
      "Type": "InstallSitecoreConfiguration",
      "Params": {
        "Path": ".\\Configuration\\Commerce\\CommerceEngine\\CommerceEngine.Shops.Deploy.json",
        "CertificateName": "[parameter('CertificateName')]",
        "CommerceServicesDbServer": "[parameter('CommerceServicesDbServer')]",
        "CommerceServicesDbName": "[parameter('CommerceServicesDbName')]",
        "CommerceServicesGlobalDbName": "[parameter('CommerceServicesGlobalDbName')]",
        "CommerceServicesPostfix": "[parameter('CommerceServicesPostfix')]",
        "SitecoreDbServer": "[parameter('SitecoreDbServer')]",
        "SitecoreCoreDbName": "[parameter('SitecoreCoreDbName')]",
        "CommerceSearchProvider": "[parameter('CommerceSearchProvider')]",
        "SolrUrl": "[parameter('SolrUrl')]",
        "SearchIndexPrefix": "[parameter('SearchIndexPrefix')]",
        "AzureSearchServiceName": "[parameter('AzureSearchServiceName')]",
        "AzureSearchAdminKey": "[parameter('AzureSearchAdminKey')]",
        "AzureSearchQueryKey": "[parameter('AzureSearchQueryKey')]",
        "CommerceEngineDacPac": "[parameter('CommerceEngineDacPac')]",
        "SiteHostHeaderName": "[parameter('SiteHostHeaderName')]",
        "CommerceOpsServicesPort": "[parameter('CommerceOpsServicesPort')]",
        "CommerceShopsServicesPort": "[parameter('CommerceShopsServicesPort')]",
        "CommerceAuthoringServicesPort": "[parameter('CommerceAuthoringServicesPort')]",
        "CommerceMinionsServicesPort": "[parameter('CommerceMinionsServicesPort')]",
        "SitecoreCommerceEngineZipPath": "[parameter('SitecoreCommerceEngineZipPath')]",
        "UserAccount": "[parameter('UserAccount')]",
		    "BraintreeAccount": "[parameter('BraintreeAccount')]",
			"IdentityServerURI":  "[concat('https://', concat(parameter('IdentityHostName'),concat(':', concat(parameter('IdentityPortId')))))]",
        "BizFXURI": "[concat('https://', concat(parameter('BizFxHostName'),concat(':', concat(parameter('BizFxPortId')))))]",
        "AuthoringURI": "[concat('https://', concat(parameter('CommerceAuthoringHostEntry'),concat(':', concat(parameter('CommerceAuthoringServicesPort')))))]",
		 "SQLServerUserName": "[parameter('SQLServerUserName')]",
        "SQLServerPassword": "[parameter('SQLServerPassword')]",
		"Thumbprint": "[variable('DomainCertificateName.CertificateThumbprint')]"	
      }
    },
	"DeployCommerceEngineAuthoring": {
      "Type": "InstallSitecoreConfiguration",
      "Params": {
        "Path": ".\\Configuration\\Commerce\\CommerceEngine\\CommerceEngine.Authoring.Deploy.json",
        "CertificateName": "[parameter('CertificateName')]",
        "CommerceServicesDbServer": "[parameter('CommerceServicesDbServer')]",
        "CommerceServicesDbName": "[parameter('CommerceServicesDbName')]",
        "CommerceServicesGlobalDbName": "[parameter('CommerceServicesGlobalDbName')]",
        "CommerceServicesPostfix": "[parameter('CommerceServicesPostfix')]",
        "SitecoreDbServer": "[parameter('SitecoreDbServer')]",
        "SitecoreCoreDbName": "[parameter('SitecoreCoreDbName')]",
        "CommerceSearchProvider": "[parameter('CommerceSearchProvider')]",
        "SolrUrl": "[parameter('SolrUrl')]",
        "SearchIndexPrefix": "[parameter('SearchIndexPrefix')]",
        "AzureSearchServiceName": "[parameter('AzureSearchServiceName')]",
        "AzureSearchAdminKey": "[parameter('AzureSearchAdminKey')]",
        "AzureSearchQueryKey": "[parameter('AzureSearchQueryKey')]",
        "CommerceEngineDacPac": "[parameter('CommerceEngineDacPac')]",
        "SiteHostHeaderName": "[parameter('SiteHostHeaderName')]",
        "CommerceOpsServicesPort": "[parameter('CommerceOpsServicesPort')]",
        "CommerceShopsServicesPort": "[parameter('CommerceShopsServicesPort')]",
        "CommerceAuthoringServicesPort": "[parameter('CommerceAuthoringServicesPort')]",
        "CommerceMinionsServicesPort": "[parameter('CommerceMinionsServicesPort')]",
        "SitecoreCommerceEngineZipPath": "[parameter('SitecoreCommerceEngineZipPath')]",
        "UserAccount": "[parameter('UserAccount')]",
		    "BraintreeAccount": "[parameter('BraintreeAccount')]",
		"IdentityServerURI":  "[concat('https://', concat(parameter('IdentityHostName'),concat(':', concat(parameter('IdentityPortId')))))]",
        "BizFXURI": "[concat('https://', concat(parameter('BizFxHostName'),concat(':', concat(parameter('BizFxPortId')))))]",
        "AuthoringURI": "[concat('https://', concat(parameter('CommerceAuthoringHostEntry'),concat(':', concat(parameter('CommerceAuthoringServicesPort')))))]",
		 "SQLServerUserName": "[parameter('SQLServerUserName')]",
        "SQLServerPassword": "[parameter('SQLServerPassword')]",
		"Thumbprint": "[variable('DomainCertificateName.CertificateThumbprint')]"	
      }
    },
	"DeployCommerceEngineMinions": {
      "Type": "InstallSitecoreConfiguration",
      "Params": {
        "Path": ".\\Configuration\\Commerce\\CommerceEngine\\CommerceEngine.Minions.Deploy.json",
        "CertificateName": "[parameter('CertificateName')]",
        "CommerceServicesDbServer": "[parameter('CommerceServicesDbServer')]",
        "CommerceServicesDbName": "[parameter('CommerceServicesDbName')]",
        "CommerceServicesGlobalDbName": "[parameter('CommerceServicesGlobalDbName')]",
        "CommerceServicesPostfix": "[parameter('CommerceServicesPostfix')]",
        "SitecoreDbServer": "[parameter('SitecoreDbServer')]",
        "SitecoreCoreDbName": "[parameter('SitecoreCoreDbName')]",
        "CommerceSearchProvider": "[parameter('CommerceSearchProvider')]",
        "SolrUrl": "[parameter('SolrUrl')]",
        "SearchIndexPrefix": "[parameter('SearchIndexPrefix')]",
        "AzureSearchServiceName": "[parameter('AzureSearchServiceName')]",
        "AzureSearchAdminKey": "[parameter('AzureSearchAdminKey')]",
        "AzureSearchQueryKey": "[parameter('AzureSearchQueryKey')]",
        "CommerceEngineDacPac": "[parameter('CommerceEngineDacPac')]",
        "SiteHostHeaderName": "[parameter('SiteHostHeaderName')]",
        "CommerceOpsServicesPort": "[parameter('CommerceOpsServicesPort')]",
        "CommerceShopsServicesPort": "[parameter('CommerceShopsServicesPort')]",
        "CommerceAuthoringServicesPort": "[parameter('CommerceAuthoringServicesPort')]",
        "CommerceMinionsServicesPort": "[parameter('CommerceMinionsServicesPort')]",
        "SitecoreCommerceEngineZipPath": "[parameter('SitecoreCommerceEngineZipPath')]",
        "UserAccount": "[parameter('UserAccount')]",
		    "BraintreeAccount": "[parameter('BraintreeAccount')]",
		"IdentityServerURI":  "[concat('https://', concat(parameter('IdentityHostName'),concat(':', concat(parameter('IdentityPortId')))))]",
        "BizFXURI": "[concat('https://', concat(parameter('BizFxHostName'),concat(':', concat(parameter('BizFxPortId')))))]",
        "AuthoringURI": "[concat('https://', concat(parameter('CommerceAuthoringHostEntry'),concat(':', concat(parameter('CommerceAuthoringServicesPort')))))]",
		"SQLServerUserName": "[parameter('SQLServerUserName')]",
		"SQLServerPassword": "[parameter('SQLServerPassword')]",
		 "SQLServerUserName": "[parameter('SQLServerUserName')]",
        "SQLServerPassword": "[parameter('SQLServerPassword')]",
		"Thumbprint": "[variable('DomainCertificateName.CertificateThumbprint')]"
      }
    },
    "DeployCommerceEngine": {
      "Type": "InstallSitecoreConfiguration",
      "Params": {
        "Path": ".\\Configuration\\Commerce\\CommerceEngine\\CommerceEngine.Deploy.json",
        "CertificateName": "[parameter('CertificateName')]",
        "CommerceServicesDbServer": "[parameter('CommerceServicesDbServer')]",
        "CommerceServicesDbName": "[parameter('CommerceServicesDbName')]",
        "CommerceServicesGlobalDbName": "[parameter('CommerceServicesGlobalDbName')]",
        "CommerceServicesPostfix": "[parameter('CommerceServicesPostfix')]",
        "SitecoreDbServer": "[parameter('SitecoreDbServer')]",
        "SitecoreCoreDbName": "[parameter('SitecoreCoreDbName')]",
        "CommerceSearchProvider": "[parameter('CommerceSearchProvider')]",
        "SolrUrl": "[parameter('SolrUrl')]",
        "SearchIndexPrefix": "[parameter('SearchIndexPrefix')]",
        "AzureSearchServiceName": "[parameter('AzureSearchServiceName')]",
        "AzureSearchAdminKey": "[parameter('AzureSearchAdminKey')]",
        "AzureSearchQueryKey": "[parameter('AzureSearchQueryKey')]",
        "CommerceEngineDacPac": "[parameter('CommerceEngineDacPac')]",
        "SiteHostHeaderName": "[parameter('SiteHostHeaderName')]",
        "CommerceOpsServicesPort": "[parameter('CommerceOpsServicesPort')]",
        "CommerceShopsServicesPort": "[parameter('CommerceShopsServicesPort')]",
        "CommerceAuthoringServicesPort": "[parameter('CommerceAuthoringServicesPort')]",
        "CommerceMinionsServicesPort": "[parameter('CommerceMinionsServicesPort')]",
        "SitecoreCommerceEngineZipPath": "[parameter('SitecoreCommerceEngineZipPath')]",
        "UserAccount": "[parameter('UserAccount')]",
		    "BraintreeAccount": "[parameter('BraintreeAccount')]"
      }
    },
    "DeploySitecoreBizFx": {
      "Type": "InstallSitecoreConfiguration",
      "Params": {
        "Path": ".\\Configuration\\Commerce\\SitecoreBizFx\\SitecoreBizFx.json",
        "SitecoreBizFxServicesContentPath": "[parameter('SitecoreBizFxServicesContentPath')]",
        "CommerceAuthoringServicesPort": "[parameter('CommerceAuthoringServicesPort')]",
        "UserAccount": "[parameter('UserAccount')]"
      }
    },
    "DeploySitecoreIdentityServer": {
      "Type": "InstallSitecoreConfiguration",
      "Params": {
        "Path": ".\\Configuration\\Commerce\\SitecoreIdentityServer\\SitecoreIdentityServer.json",
        "SitecoreIdentityServerZipPath": "[parameter('SitecoreIdentityServerZipPath')]",
        "SitecoreDbServer": "[parameter('SitecoreDbServer')]",
        "SitecoreCoreDbName": "[parameter('SitecoreCoreDbName')]",
        "UserAccount": "[parameter('UserAccount')]",
        "SitecoreIdentityServerName": "[parameter('SitecoreIdentityServerName')]"
      }
    },
    "CopySiteUtilityFolder": {
      "Type": "Copy",
      "Params": {
        "Source": "[parameter('SiteUtilitiesSrc')]",
        "Destination": "[parameter('InstallDir')]"
      }
    },
    "DisableIndexUpdate": {
      // Speed up deployment
      "Type": "SetXml",
      "Params": [
        {
          "FilePath": "[variable('ContentSearchConfig'))]",
          "Xpath": "[variable('ContentSearchEnabledXpath')]",
          "Attributes": {
            "value": "false"
          }
        }
      ]
    },
    "DisableConfigFiles": {
      // Speed up deployment
      "Type": "DisableConfigFiles",
      "Params": {
        "ConfigDir": "[variable('MarketingConfigDir')]",
        "ConfigFileList": [ "Sitecore.Marketing.Search.config" ]
      }
    },
    "InstallPowershellExtensions": {
      "Type": "InstallSitecoreConfiguration",
      "Params": {
        "Path": ".\\Configuration\\SitecoreUtilities\\InstallModule.json",
        "ModuleFullPath": "[parameter('PowerShellExtensionsModuleFullPath')]",
        "ModulesDirDst": "[variable('ModulesDirDst')]",
        "BaseUrl": "[variable('UtilitiesBaseUrl')]"
      }
    },
    "InstallSXAFrameworkModule": {
      "Type": "InstallSitecoreConfiguration",
      "Params": {
        "Path": ".\\Configuration\\Commerce\\SXAStorefront\\SXAStorefront.Framework.json",
        "ModuleFullPath": "[parameter('SXAModuleFullPath')]",
        "ModulesDirDst": "[variable('ModulesDirDst')]",
        "BaseUrl": "[variable('UtilitiesBaseUrl')]"
      }
    },
    "PublishExtensions": {
      "Type": "InstallSitecoreConfiguration",
      "Params": {
        "Path": ".\\Configuration\\SitecoreUtilities\\PublishToWeb.json",
        "BaseUrl": "[variable('UtilitiesBaseUrl')]"
      }
    },
    "InstallHabitatImagesModule": {
      "Type": "InstallSitecoreConfiguration",
      "Params": {
        "Path": ".\\Configuration\\Commerce\\HabitatImages\\HabitatImages.json",
        "ModuleFullPath": "[parameter('HabitatImagesModuleFullPath')]",
        "ModulesDirDst": "[variable('ModulesDirDst')]",
        "BaseUrl": "[variable('UtilitiesBaseUrl')]"
      }
    },
    "InstallAdventureWorksImagesModule": {
      "Type": "InstallSitecoreConfiguration",
      "Params": {
        "Path": ".\\Configuration\\Commerce\\AdvImages\\AdvImages.json",
        "ModuleFullPath": "[parameter('AdvImagesModuleFullPath')]",
        "ModulesDirDst": "[variable('ModulesDirDst')]",
        "BaseUrl": "[variable('UtilitiesBaseUrl')]"
      }
    },
    "InstallCommerceConnectModule": {
      "Type": "InstallSitecoreConfiguration",
      "Params": {
        "Path": ".\\Configuration\\Commerce\\Connect\\Connect.json",
        "ModuleFullPath": "[parameter('CommerceConnectModuleFullPath')]",
        "ModulesDirDst": "[variable('ModulesDirDst')]",
        "BaseUrl": "[variable('UtilitiesBaseUrl')]"
      }
    },
    "InstallCommercexProfilesModule": {
      "Type": "InstallSitecoreConfiguration",
      "Params": {
        "Path": ".\\Configuration\\Commerce\\Connect\\Connect_xProfiles.json",
        "ModuleFullPath": "[parameter('CommercexProfilesModuleFullPath')]",
        "ModulesDirDst": "[variable('ModulesDirDst')]",
        "BaseUrl": "[variable('UtilitiesBaseUrl')]"
      }
    },
    "InstallCommercexAnalyticsModule": {
      "Type": "InstallSitecoreConfiguration",
      "Params": {
        "Path": ".\\Configuration\\Commerce\\Connect\\Connect_xAnalytics.json",
        "ModuleFullPath": "[parameter('CommercexAnalyticsModuleFullPath')]",
        "ModulesDirDst": "[variable('ModulesDirDst')]",
        "BaseUrl": "[variable('UtilitiesBaseUrl')]"
      }
    },
    "InstallCommerceMAModule": {
      "Type": "InstallSitecoreConfiguration",
      "Params": {
        "Path": ".\\Configuration\\Commerce\\Connect\\Connect_MarketingAutomation.json",
        "XConnectSitePath": "[parameter('XConnectInstallDir')]",
        "ModuleFullPath": "[parameter('CommerceMAModuleFullPath')]",
        "ModulesDirDst": "[variable('ModulesDirDst')]",
        "AutomationEngineModule": "[parameter('CommerceMAForAutomationEngineModuleFullPath')]",
        "BaseUrl": "[variable('UtilitiesBaseUrl')]"
      }
    },
    "InstallCommerceEngineConnectModule": {
      "Type": "InstallSitecoreConfiguration",
      "Params": {
        "Path": ".\\Configuration\\Commerce\\CEConnect\\CEConnect.json",
        "PackageFullPath": "[parameter('CEConnectPackageFullPath')]",
        "PackagesDirDst": "[variable('PackagesDirDst')]",
        "BaseUrl": "[variable('UtilitiesBaseUrl')]",
        "MergeTool": "[parameter('MergeToolFullPath')]",
        "InputFile": "[variable('CEMergeInputFile')]",
        "WebConfig": "[variable('WebConfig')]"
      }
    },
    "CopyConnectModels": {
      "Type": "InstallSitecoreConfiguration",
      "Params": {
        "Path": ".\\Configuration\\Commerce\\Connect\\Connect.Copy.Models.json",
        "InstallRootDst": "[parameter('InstallDir')]",
        "XConnectInstallRootDst": "[parameter('XConnectInstallDir')]"
      }
    },
    "InstallSXAStorefrontModule": {
      "Type": "InstallSitecoreConfiguration",
      "Params": {
        "Path": ".\\Configuration\\Commerce\\SXAStorefront\\SXAStorefront.Storefront.json",
        "SXACommerceModuleFullPath": "[parameter('SXACommerceModuleFullPath')]",
        "SXAStorefrontModuleFullPath": "[parameter('SXAStorefrontModuleFullPath')]",
        "SXAStorefrontThemeModuleFullPath": "[parameter('SXAStorefrontThemeModuleFullPath')]",
        "SXAStorefrontCatalogModuleFullPath": "[parameter('SXAStorefrontCatalogModuleFullPath')]",
        "ModulesDirDst": "[variable('ModulesDirDst')]",
        "BaseUrl": "[variable('UtilitiesBaseUrl')]",
        "MergeTool": "[parameter('MergeToolFullPath')]",
        "InputFile": "[variable('SXAMergeInputFile')]",
        "WebConfig": "[variable('WebConfig')]"
      }
    },
    "ImportRootCertificate": {
      "Type": "ImportCertificate",
      "Params": {
        "CertStoreLocation": "cert:\\localmachine\\my",
        "FilePath": "[parameter('CommerceEngineCertificatePath')]"
      }
    },
    "InitializeCommerce": {
      "Type": "InstallSitecoreConfiguration",
      "Params": {
        "Path": ".\\Configuration\\Commerce\\CEConnect\\InitializeCommerce.json",
        "EngineConnectIncludeDir": "[variable('EngineConnectIncludeDir')]",
        "CertificatePath": "[parameter('CommerceEngineCertificatePath')]",
        "CommerceServicesPostfix": "[parameter('CommerceServicesPostfix')]",
        "CommerceAuthoringServicesPort": "[parameter('CommerceAuthoringServicesPort')]"
      }
    },
	
	"UpdateWebsiteConfigs": {
      "Type": "InstallSitecoreConfiguration",
      "Params": {
        "Path": ".\\Configuration\\Commerce\\CommerceEngine\\CommerceEngine.Initialize.json",
        "CommerceServicesPostfix": "[parameter('CommerceServicesPostfix')]",
        "CommerceShopsServicesPort": "[parameter('CommerceShopsServicesPort')]",
		"CommerceShopsURI": "[concat(parameter('CommerceShopsHostEntry'),concat(':', concat(parameter('CommerceShopsServicesPort'))))]",
        "SitecoreAdminAccount": {
          "UserName": "[parameter('SitecoreUsername')]",
          "Password": "[parameter('SitecoreUserPassword')]"
        }
      }
      },	 
	
    "InitializeCommerceEngine": {
      "Type": "InstallSitecoreConfiguration",
      "Params": {
        "Path": ".\\Configuration\\Commerce\\CommerceEngine\\CommerceEngine.Initialize.json",
        "CommerceServicesPostfix": "[parameter('CommerceServicesPostfix')]",
        "CommerceShopsServicesPort": "[parameter('CommerceShopsServicesPort')]",
		"CommerceShopsURI": "[concat(parameter('CommerceShopsHostEntry'),concat(':', concat(parameter('CommerceShopsServicesPort'))))]",
        "SitecoreAdminAccount": {
          "UserName": "[parameter('SitecoreUsername')]",
          "Password": "[parameter('SitecoreUserPassword')]"
        }
      }
      },
    "EnableCEConnectDataProvider": {
      "Type": "InstallSitecoreConfiguration",
      "Params": {
        "Path": ".\\Configuration\\Commerce\\CEConnect\\EnableCEConnectDataProvider.json",
        "ConfigDir": "[variable('EngineConnectIncludeDir')]"
      }
    },
    "GenerateCatalogTemplates": {
      "Type": "InstallSitecoreConfiguration",
      "Params": {
        "Path": ".\\Configuration\\Commerce\\CEConnect\\GenerateCatalogTemplates.json",
        "BaseUrl": "[variable('UtilitiesBaseUrl')]"
      }
    },
    //Create the default storefront tenant and site
    "CreateDefaultTenantAndSite": {
      "Type": "InstallSitecoreConfiguration",
      "Params": {
        "Path": ".\\Configuration\\Commerce\\SXAStorefront\\SXAStorefront.CreateDefaultTenantAndSite.json",
        "SiteName": "[parameter('SiteName')]",
        "SiteRootUrl": "[variable('SiteRootUrl')]",
        "SitecoreUsername": "[parameter('SitecoreUsername')]",
        "SitecoreUserPassword": "[parameter('SitecoreUserPassword')]",
        "ProjectConfigIncludeDir": "[variable('ProjectConfigIncludeDir')]"
      }
    },
    "PublishCommerce": {
      "Type": "InstallSitecoreConfiguration",
      "Params": {
        "Path": ".\\Configuration\\SitecoreUtilities\\PublishToWeb.json",
        "BaseUrl": "[variable('UtilitiesBaseUrl')]"
      }
    },
    "EnableIndexUpdate": {
      "Type": "SetXml",
      "Params": [
        {
          "FilePath": "[variable('ContentSearchConfig'))]",
          "Xpath": "[variable('ContentSearchEnabledXpath')]",
          "Attributes": {
            "value": "true"
          }
        }
      ]
    },
    "EnableConfigFiles": {
      "Type": "EnableConfigFiles",
      "Params": {
        "ConfigDir": "[variable('MarketingConfigDir')]",
        "ConfigFileList": [ "Sitecore.Marketing.Search.config" ]
      }
    },
    "EnableCEConnectIndexing": {
      "Type": "InstallSitecoreConfiguration",
      "Params": {
        "Path": ".\\Configuration\\Commerce\\CEConnect\\EnableCEConnectIndexing.json",
        "ConfigDir": "[variable('EngineConnectIncludeDir')]"
      }
    },
    "Reindex": {
      "Type": "InstallSitecoreConfiguration",
      "Params": {
        "Path": ".\\Configuration\\SitecoreUtilities\\RebuildIndexes.json",
        "BaseUrl": "[variable('UtilitiesBaseUrl')]"
      }
    },
    "RemoveSiteUtilityFolder": {
      "Type": "ManageCommerceService",
      "Params": {
        "Name": "Name",
        "PhysicalPath": "[variable('SiteUtilitiesDir')]",
        "Action": "Remove-Item"
      }
    },
	"CreateBindings": {
      // Configures the BizFx site bindings for the website.
      "Type": "WebBinding",
      "Params": {
        "SiteName": "[parameter('BizFxSiteName')]",
        "Add": [
          {
            "HostHeader": "[parameter('BizFxHostName')]",
            "Protocol": "https",
            "Port": "[parameter('BizFxPortId')]",
			"Thumbprint": "[variable('DomainCertificateName.CertificateThumbprint')]"		
          } 
        ]
      }
    },
    "CreateHostHeader": {
      // Sets a hostheader for the website.
      "Type": "HostHeader",
      "Params": {
        "HostName": "[parameter('BizFxHostName')]"
      }
    },
	"CreateIdentityBindings": {
      // Configures the site bindings for the website.
      "Type": "WebBinding",
      "Params": {
        "SiteName": "[parameter('IdentitySiteName')]",
        "Add": [
          {
            "HostHeader": "[parameter('IdentityHostName')]",
            "Protocol": "https",
            "Port": "[parameter('IdentityPortId')]" ,
			"Thumbprint": "[variable('DomainCertificateName.CertificateThumbprint')]"
          } 
        ]
      }
    },
    "CreateIdentityHostHeader": {
      // Sets a hostheader for the website.
      "Type": "HostHeader",
      "Params": {
        "HostName": "[parameter('IdentityHostName')]"
      }
    },
	"CreateMinionsBindings": {
      // Configures the site bindings for the website.
      "Type": "WebBinding",
      "Params": {
        "SiteName": "[parameter('CommerceMinionsSiteName')]",
        "Add": [
          {
            "HostHeader": "[parameter('CommerceMinionsHostEntry')]",
            "Protocol": "https",
            "Port": "[parameter('CommerceMinionsServicesPort')]",
			"Thumbprint": "[variable('DomainCertificateName.CertificateThumbprint')]"
          } 
        ]
      }
    },
    "CreateMinionsHostHeader": {
      // Sets a hostheader for the website.
      "Type": "HostHeader",
      "Params": {
        "HostName": "[parameter('CommerceMinionsHostEntry')]"
      }
    },
	"CreateAuthoringBindings": {
      // Configures the site bindings for the website.
      "Type": "WebBinding",
      "Params": {
        "SiteName": "[parameter('CommerceAuthoringSiteName')]",
        "Add": [
          {
            "HostHeader": "[parameter('CommerceAuthoringHostEntry')]",
            "Protocol": "https",
            "Port": "[parameter('CommerceAuthoringServicesPort')]",
			"Thumbprint": "[variable('DomainCertificateName.CertificateThumbprint')]"
          } 
        ]
      }
    },
    "CreateAuthoringHostHeader": {
      // Sets a hostheader for the website.
      "Type": "HostHeader",
      "Params": {
        "HostName": "[parameter('CommerceAuthoringHostEntry')]"
      }
    },	 
	"CreateOpsBindings": {
      // Configures the site bindings for the website.
      "Type": "WebBinding",
      "Params": {
        "SiteName": "[parameter('CommerceOpsSiteName')]",
        "Add": [
          {
            "HostHeader": "[parameter('CommerceOpsHostEntry')]",
            "Protocol": "https",
            "Port": "[parameter('CommerceOpsServicesPort')]",
			"Thumbprint": "[variable('DomainCertificateName.CertificateThumbprint')]"
          } 
        ]
      }
    },
    "CreateOpsHostHeader": {
      // Sets a hostheader for the website.
      "Type": "HostHeader",
      "Params": {
        "HostName": "[parameter('CommerceOpsHostEntry')]"
      }
    },
	"CreateShopsBindings": {
      // Configures the site bindings for the website.
      "Type": "WebBinding",
      "Params": {
        "SiteName": "[parameter('CommerceShopsSiteName')]",
        "Add": [
          {
            "HostHeader": "[parameter('CommerceShopsHostEntry')]",
            "Protocol": "https",
            "Port": "[parameter('CommerceShopsServicesPort')]",
			"Thumbprint": "[variable('DomainCertificateName.CertificateThumbprint')]"
          } 
        ]
      }
    },
    "CreateShopsHostHeader": {
      // Sets a hostheader for the website.
      "Type": "HostHeader",
      "Params": {
        "HostName": "[parameter('CommerceShopsHostEntry')]"
      }
    },
	"UpdateBizFxConfigs": {
      // Sets a hostheader for the website.
      "Type": "UpdateBizFXConfig",
	  "Params": {        
        "BizFXDirPath": "[parameter('BizFXInstallDir')]",
		"EngineUri": "[concat('https://', concat(parameter('CommerceAuthoringHostEntry'),concat(':', concat(parameter('CommerceAuthoringServicesPort')))))]",
		"BizFxUri": "[concat('https://', concat(parameter('BizFxHostName'),concat(':', concat(parameter('BizFxPortId')))))]",
		"IdentityServerUri": "[concat('https://', concat(parameter('IdentityHostName'),concat(':', concat(parameter('IdentityPortId')))))]"
		
      }
    },
	"UpdateIdentityConfigs": {
      // Sets a hostheader for the website.
      "Type": "UpdateIdentityConfig",
	  "Params": {        
        "IdentityDirPath": "[parameter('IdentityInstallDir')]",
		"BizFxUri": "[concat('https://', concat(parameter('BizFxHostName'),concat(':', concat(parameter('BizFxPortId')))))]",
		"Thumbprint": "[variable('DomainCertificateName.CertificateThumbprint')]",
		"SQLServerUserName": "[parameter('SQLServerUserName')]",
        "SQLServerPassword": "[parameter('SQLServerPassword')]"	
      }
    },
	"UpdateShopsOpsURI": {
      // Sets a hostheader for the website.
      "Type": "UpdateShopsOpsURI",
	  "Params": {        
        "EngineConnectIncludeDir": "[variable('EngineConnectIncludeDir')]",
		"CommerceShopsURI": "[concat(parameter('CommerceShopsHostEntry'),concat(':', concat(parameter('CommerceShopsServicesPort'))))]",
		"CommerceOpsURI": "[concat(parameter('CommerceOpsHostEntry'),concat(':', concat(parameter('CommerceOpsServicesPort'))))]",
		"ThumbPrint" : "[variable('DomainCertificateName.CertificateThumbprint')]"
      }
    }
	
  }
}
